,wiki_content_only_silhouette,SUMMARY_only_silhouette
BAAI/bge-small-en-v1.5,0.03773555444497418,0.04629570495129432
BAAI/bge-large-en-v1.5,0.03593008974495469,0.04635681550608678
sentence-transformers/all-mpnet-base-v2,0.04614246456461276,0.04615159819131481
nomic classification:,0.0015983063009288713,0.08390758105239929
nomic clustering:,-0.010789407989626038,0.07054887195931692
nomic search_query:,-0.012291462967479617,0.05775636896248253
nomic search_document:,-0.01689034557673426,0.04508673220349945
